Id,Predicted
0,848.723279648609
1,848.723279648609
2,327.2893890675241
3,746.947063089195
4,327.2893890675241
5,1463.5486044273339
6,603.0587544065805
7,1316.8356890459363
8,160.1953125
9,0.0
10,746.947063089195
11,848.723279648609
12,160.1953125
13,1945.727034120735
14,1316.8356890459363
15,1383.9115354637568
16,160.1953125
17,327.2893890675241
18,848.723279648609
19,578.4766169154229
20,1463.5486044273339
21,1007.5476673427992
22,1007.5476673427992
23,1316.8356890459363
24,327.2893890675241
25,1007.5476673427992
26,1316.8356890459363
27,1042.7290836653387
28,327.2893890675241
29,327.2893890675241
30,603.0587544065805
31,1383.9115354637568
32,578.4766169154229
33,160.1953125
34,160.1953125
35,160.1953125
36,1021.7058823529412
37,1316.8356890459363
38,1007.5476673427992
39,160.1953125
40,276.44386149003145
41,1383.9115354637568
42,2272.3567567567566
43,848.723279648609
44,1463.5486044273339
45,219.58858267716536
46,746.947063089195
47,1383.9115354637568
48,1787.597855227882
49,1021.7058823529412
50,1316.8356890459363
51,578.4766169154229
52,1007.5476673427992
53,268.3028017241379
54,1787.597855227882
55,1316.8356890459363
56,1463.5486044273339
57,160.1953125
58,160.1953125
59,1463.5486044273339
60,160.1953125
61,1787.597855227882
62,1316.8356890459363
63,160.1953125
64,1316.8356890459363
65,848.723279648609
66,1007.5476673427992
67,1463.5486044273339
68,160.1953125
69,327.2893890675241
70,1021.7058823529412
71,1021.7058823529412
72,0.0
73,160.1953125
74,0.0
75,1597.5063063063062
76,2272.3567567567566
77,1042.7290836653387
78,276.44386149003145
79,578.4766169154229
80,1463.5486044273339
81,1021.7058823529412
82,1787.597855227882
83,268.3028017241379
84,1316.8356890459363
85,848.723279648609
86,268.3028017241379
87,0.0
88,776.0431893687708
89,1050.0679460580914
90,268.3028017241379
91,179.28091236494598
92,1007.5476673427992
93,848.723279648609
94,776.0431893687708
95,1316.8356890459363
96,2272.3567567567566
97,776.0431893687708
98,848.723279648609
99,160.1953125
100,268.3028017241379
101,268.3028017241379
102,1316.8356890459363
103,1050.0679460580914
104,578.4766169154229
105,268.3028017241379
106,219.58858267716536
107,327.2893890675241
108,160.1953125
109,578.4766169154229
110,1316.8356890459363
111,160.1953125
112,160.1953125
113,219.58858267716536
114,160.1953125
115,160.1953125
116,268.3028017241379
117,1787.597855227882
118,603.0587544065805
119,327.2893890675241
120,1316.8356890459363
121,268.3028017241379
122,303.8021052631579
123,268.3028017241379
124,268.3028017241379
125,1007.5476673427992
126,603.0587544065805
127,578.4766169154229
128,1694.1086118251928
129,1316.8356890459363
130,160.1953125
131,1050.0679460580914
132,746.947063089195
133,1007.5476673427992
134,1694.1086118251928
135,160.1953125
136,603.0587544065805
137,1316.8356890459363
138,268.3028017241379
139,160.1953125
140,1463.5486044273339
141,1050.0679460580914
142,1787.597855227882
143,160.1953125
144,268.3028017241379
145,160.1953125
146,1945.727034120735
147,848.723279648609
148,327.2893890675241
149,717.6172839506173
150,1007.5476673427992
151,303.8021052631579
152,603.0587544065805
153,327.2893890675241
154,1463.5486044273339
155,1463.5486044273339
156,1316.8356890459363
157,354.184350132626
158,160.1953125
159,160.1953125
160,848.723279648609
161,578.4766169154229
162,160.1953125
163,776.0431893687708
164,603.0587544065805
165,327.2893890675241
166,603.0587544065805
167,1007.5476673427992
168,1694.1086118251928
169,1945.727034120735
170,160.1953125
171,1050.0679460580914
172,160.1953125
173,603.0587544065805
174,160.1953125
175,219.58858267716536
176,1007.5476673427992
177,848.723279648609
178,327.2893890675241
179,578.4766169154229
180,268.3028017241379
181,603.0587544065805
182,1050.0679460580914
183,268.3028017241379
184,578.4766169154229
185,1463.5486044273339
186,219.58858267716536
187,1316.8356890459363
188,776.0431893687708
189,219.58858267716536
190,327.2893890675241
191,1050.0679460580914
192,1383.9115354637568
193,603.0587544065805
194,603.0587544065805
195,268.3028017241379
196,1007.5476673427992
197,746.947063089195
198,160.1953125
199,1007.5476673427992
200,0.0
201,160.1953125
202,219.58858267716536
203,268.3028017241379
204,2272.3567567567566
205,268.3028017241379
206,1319.141683778234
207,848.723279648609
208,160.1953125
209,268.3028017241379
210,578.4766169154229
211,1319.141683778234
212,160.1953125
213,848.723279648609
214,160.1953125
215,160.1953125
216,603.0587544065805
217,848.723279648609
218,1007.5476673427992
219,268.3028017241379
220,276.44386149003145
221,160.1953125
222,1694.1086118251928
223,1007.5476673427992
224,1050.0679460580914
225,1050.0679460580914
226,268.3028017241379
227,1316.8356890459363
228,848.723279648609
229,1316.8356890459363
230,603.0587544065805
231,1316.8356890459363
232,776.0431893687708
233,160.1953125
234,603.0587544065805
235,268.3028017241379
236,603.0587544065805
237,1316.8356890459363
238,1463.5486044273339
239,327.2893890675241
240,578.4766169154229
241,160.1953125
242,1007.5476673427992
243,1021.7058823529412
244,848.723279648609
245,268.3028017241379
246,268.3028017241379
247,179.28091236494598
248,268.3028017241379
249,219.58858267716536
250,160.1953125
251,2401.9740518962076
252,1787.597855227882
253,776.0431893687708
254,1007.5476673427992
255,848.723279648609
256,603.0587544065805
257,1316.8356890459363
258,603.0587544065805
259,776.0431893687708
260,776.0431893687708
261,1316.8356890459363
262,1050.0679460580914
263,603.0587544065805
264,1316.8356890459363
265,160.1953125
266,848.723279648609
267,327.2893890675241
268,848.723279648609
269,0.0
270,1463.5486044273339
271,160.1953125
272,219.58858267716536
273,160.1953125
274,1787.597855227882
275,327.2893890675241
276,1021.7058823529412
277,179.28091236494598
278,160.1953125
279,327.2893890675241
280,219.58858267716536
281,327.2893890675241
282,746.947063089195
283,1050.0679460580914
284,848.723279648609
285,603.0587544065805
286,1316.8356890459363
287,603.0587544065805
288,160.1953125
289,1316.8356890459363
290,268.3028017241379
291,327.2893890675241
292,603.0587544065805
293,160.1953125
294,1007.5476673427992
295,327.2893890675241
296,1694.1086118251928
297,603.0587544065805
298,1316.8356890459363
299,160.1953125
300,848.723279648609
301,1316.8356890459363
302,327.2893890675241
303,160.1953125
304,327.2893890675241
305,160.1953125
306,1463.5486044273339
307,578.4766169154229
308,327.2893890675241
309,603.0587544065805
310,2274.8828451882846
311,179.28091236494598
312,268.3028017241379
313,1007.5476673427992
314,160.1953125
315,0.0
316,603.0587544065805
317,1021.7058823529412
318,1316.8356890459363
319,2272.3567567567566
320,1383.9115354637568
321,160.1953125
322,603.0587544065805
323,1050.0679460580914
324,1007.5476673427992
325,268.3028017241379
326,327.2893890675241
327,1316.8356890459363
328,268.3028017241379
329,1007.5476673427992
330,160.1953125
331,848.723279648609
332,1316.8356890459363
333,160.1953125
334,603.0587544065805
335,1050.0679460580914
336,327.2893890675241
337,1007.5476673427992
338,219.58858267716536
339,0.0
340,578.4766169154229
341,1316.8356890459363
342,327.2893890675241
343,303.8021052631579
344,1787.597855227882
345,1316.8356890459363
346,1007.5476673427992
347,746.947063089195
348,1787.597855227882
349,268.3028017241379
350,1007.5476673427992
351,327.2893890675241
352,1021.7058823529412
353,1597.5063063063062
354,2272.3567567567566
355,578.4766169154229
356,1694.1086118251928
357,0.0
358,160.1953125
359,776.0431893687708
360,1463.5486044273339
361,327.2893890675241
362,160.1953125
363,0.0
364,268.3028017241379
365,746.947063089195
366,160.1953125
367,303.8021052631579
368,1007.5476673427992
369,160.1953125
370,578.4766169154229
371,268.3028017241379
372,578.4766169154229
373,603.0587544065805
374,160.1953125
375,1050.0679460580914
376,1050.0679460580914
377,1787.597855227882
378,1021.7058823529412
379,848.723279648609
380,327.2893890675241
381,160.1953125
382,160.1953125
383,1316.8356890459363
384,1787.597855227882
385,268.3028017241379
386,327.2893890675241
387,268.3028017241379
388,1463.5486044273339
389,848.723279648609
390,1050.0679460580914
391,327.2893890675241
392,578.4766169154229
393,578.4766169154229
394,848.723279648609
395,1316.8356890459363
396,160.1953125
397,848.723279648609
398,179.28091236494598
399,1007.5476673427992
400,1042.7290836653387
401,160.1953125
402,603.0587544065805
403,1316.8356890459363
404,776.0431893687708
405,268.3028017241379
406,268.3028017241379
407,1319.141683778234
408,578.4766169154229
409,327.2893890675241
410,1316.8356890459363
411,848.723279648609
412,2105.9795918367345
413,1316.8356890459363
414,219.58858267716536
415,746.947063089195
416,268.3028017241379
417,1021.7058823529412
418,219.58858267716536
419,603.0587544065805
420,1007.5476673427992
421,603.0587544065805
422,1316.8356890459363
423,2274.8828451882846
424,1007.5476673427992
425,160.1953125
426,1316.8356890459363
427,268.3028017241379
428,268.3028017241379
429,2105.9795918367345
430,1316.8356890459363
431,268.3028017241379
432,746.947063089195
433,1694.1086118251928
434,268.3028017241379
435,219.58858267716536
436,578.4766169154229
437,160.1953125
438,1383.9115354637568
439,303.8021052631579
440,1316.8356890459363
441,746.947063089195
442,1787.597855227882
443,327.2893890675241
444,268.3028017241379
445,160.1953125
446,327.2893890675241
447,603.0587544065805
448,268.3028017241379
449,268.3028017241379
450,746.947063089195
451,578.4766169154229
452,327.2893890675241
453,268.3028017241379
454,848.723279648609
455,268.3028017241379
456,160.1953125
457,160.1953125
458,1787.597855227882
459,1021.7058823529412
460,179.28091236494598
461,746.947063089195
462,1787.597855227882
463,1007.5476673427992
464,268.3028017241379
465,1316.8356890459363
466,268.3028017241379
467,160.1953125
468,578.4766169154229
469,1463.5486044273339
470,219.58858267716536
471,0.0
472,1007.5476673427992
473,327.2893890675241
474,219.58858267716536
475,160.1953125
476,578.4766169154229
477,776.0431893687708
478,327.2893890675241
479,268.3028017241379
480,2655.903448275862
481,1316.8356890459363
482,268.3028017241379
483,2655.903448275862
484,1463.5486044273339
485,1316.8356890459363
486,603.0587544065805
487,268.3028017241379
488,578.4766169154229
489,327.2893890675241
490,268.3028017241379
491,746.947063089195
492,268.3028017241379
493,327.2893890675241
494,578.4766169154229
495,1694.1086118251928
496,1316.8356890459363
497,219.58858267716536
498,746.947063089195
499,603.0587544065805
500,219.58858267716536
501,268.3028017241379
502,268.3028017241379
503,1485.4991638795987
504,603.0587544065805
505,303.8021052631579
506,327.2893890675241
507,0.0
508,160.1953125
509,160.1953125
510,1050.0679460580914
511,1485.4991638795987
512,219.58858267716536
513,603.0587544065805
514,327.2893890675241
515,603.0587544065805
516,327.2893890675241
517,160.1953125
518,1316.8356890459363
519,1007.5476673427992
520,268.3028017241379
521,1316.8356890459363
522,603.0587544065805
523,1050.0679460580914
524,160.1953125
525,1463.5486044273339
526,219.58858267716536
527,603.0587544065805
528,603.0587544065805
529,0.0
530,160.1953125
531,1007.5476673427992
532,160.1953125
533,268.3028017241379
534,1050.0679460580914
535,1021.7058823529412
536,2105.9795918367345
537,327.2893890675241
538,268.3028017241379
539,746.947063089195
540,578.4766169154229
541,268.3028017241379
542,1050.0679460580914
543,746.947063089195
544,219.58858267716536
545,746.947063089195
546,746.947063089195
547,1007.5476673427992
548,327.2893890675241
549,776.0431893687708
550,1316.8356890459363
551,160.1953125
552,160.1953125
553,160.1953125
554,219.58858267716536
555,1316.8356890459363
556,1021.7058823529412
557,603.0587544065805
558,578.4766169154229
559,160.1953125
560,327.2893890675241
561,219.58858267716536
562,746.947063089195
563,848.723279648609
564,603.0587544065805
565,1694.1086118251928
566,1787.597855227882
567,578.4766169154229
568,219.58858267716536
569,327.2893890675241
570,1021.7058823529412
571,1021.7058823529412
572,219.58858267716536
573,578.4766169154229
574,1021.7058823529412
575,1316.8356890459363
576,1007.5476673427992
577,268.3028017241379
578,327.2893890675241
579,746.947063089195
580,268.3028017241379
581,776.0431893687708
582,160.1953125
583,160.1953125
584,1316.8356890459363
585,160.1953125
586,746.947063089195
587,578.4766169154229
588,848.723279648609
589,268.3028017241379
590,1021.7058823529412
591,1316.8356890459363
592,848.723279648609
593,268.3028017241379
594,2655.903448275862
595,1316.8356890459363
596,1316.8356890459363
597,1319.141683778234
598,1316.8356890459363
599,1316.8356890459363
600,1007.5476673427992
601,578.4766169154229
602,327.2893890675241
603,746.947063089195
604,160.1953125
605,1463.5486044273339
606,603.0587544065805
607,1463.5486044273339
608,160.1953125
609,219.58858267716536
610,327.2893890675241
611,160.1953125
612,268.3028017241379
613,0.0
614,603.0587544065805
615,160.1953125
616,327.2893890675241
617,268.3028017241379
618,2272.3567567567566
619,1316.8356890459363
620,776.0431893687708
621,848.723279648609
622,578.4766169154229
623,1463.5486044273339
624,268.3028017241379
625,603.0587544065805
626,1021.7058823529412
627,160.1953125
628,603.0587544065805
629,268.3028017241379
630,1694.1086118251928
631,327.2893890675241
632,1021.7058823529412
633,603.0587544065805
634,1316.8356890459363
635,848.723279648609
636,327.2893890675241
637,1319.141683778234
638,746.947063089195
639,776.0431893687708
640,848.723279648609
641,1694.1086118251928
642,1316.8356890459363
643,578.4766169154229
644,268.3028017241379
645,0.0
646,2272.3567567567566
647,1007.5476673427992
648,848.723279648609
649,2105.9795918367345
650,603.0587544065805
651,1316.8356890459363
652,1787.597855227882
653,1383.9115354637568
654,1007.5476673427992
655,578.4766169154229
656,160.1953125
657,776.0431893687708
658,603.0587544065805
659,1316.8356890459363
660,268.3028017241379
661,268.3028017241379
662,1694.1086118251928
663,848.723279648609
664,603.0587544065805
665,1787.597855227882
666,1007.5476673427992
667,268.3028017241379
668,276.44386149003145
669,268.3028017241379
670,776.0431893687708
671,303.8021052631579
672,848.723279648609
673,160.1953125
674,219.58858267716536
675,1787.597855227882
676,268.3028017241379
677,1463.5486044273339
678,0.0
679,1007.5476673427992
680,1021.7058823529412
681,219.58858267716536
682,1316.8356890459363
683,1463.5486044273339
684,1007.5476673427992
685,160.1953125
686,268.3028017241379
687,776.0431893687708
688,1316.8356890459363
689,1316.8356890459363
690,603.0587544065805
691,1050.0679460580914
692,160.1953125
693,1316.8356890459363
694,1787.597855227882
695,776.0431893687708
696,268.3028017241379
697,578.4766169154229
698,776.0431893687708
699,2401.9740518962076
700,1007.5476673427992
701,1316.8356890459363
702,1007.5476673427992
703,327.2893890675241
704,268.3028017241379
705,1316.8356890459363
706,1787.597855227882
707,160.1953125
708,746.947063089195
709,776.0431893687708
710,160.1953125
711,1694.1086118251928
712,1463.5486044273339
713,327.2893890675241
714,746.947063089195
715,603.0587544065805
716,1316.8356890459363
717,776.0431893687708
718,1050.0679460580914
719,1316.8356890459363
720,327.2893890675241
721,160.1953125
722,327.2893890675241
723,1007.5476673427992
724,746.947063089195
725,327.2893890675241
726,746.947063089195
727,268.3028017241379
728,268.3028017241379
729,160.1953125
730,160.1953125
731,327.2893890675241
732,578.4766169154229
733,268.3028017241379
734,268.3028017241379
735,848.723279648609
736,1050.0679460580914
737,603.0587544065805
738,160.1953125
739,1021.7058823529412
740,1007.5476673427992
741,603.0587544065805
742,578.4766169154229
743,1050.0679460580914
744,578.4766169154229
745,268.3028017241379
746,160.1953125
747,1316.8356890459363
748,746.947063089195
749,1316.8356890459363
750,268.3028017241379
751,160.1953125
752,1042.7290836653387
753,0.0
754,1316.8356890459363
755,746.947063089195
756,1050.0679460580914
757,268.3028017241379
758,160.1953125
759,1787.597855227882
760,1316.8356890459363
761,268.3028017241379
762,327.2893890675241
763,268.3028017241379
764,219.58858267716536
765,268.3028017241379
766,0.0
767,1316.8356890459363
768,603.0587544065805
769,327.2893890675241
770,327.2893890675241
771,160.1953125
772,160.1953125
773,848.723279648609
774,160.1953125
775,1007.5476673427992
776,1007.5476673427992
777,327.2893890675241
778,1316.8356890459363
779,603.0587544065805
780,578.4766169154229
781,160.1953125
782,1316.8356890459363
783,776.0431893687708
784,603.0587544065805
785,219.58858267716536
786,268.3028017241379
787,1050.0679460580914
788,268.3028017241379
789,160.1953125
790,1007.5476673427992
791,603.0587544065805
792,160.1953125
793,1316.8356890459363
794,160.1953125
795,160.1953125
796,746.947063089195
797,1787.597855227882
798,1007.5476673427992
799,746.947063089195
800,1694.1086118251928
801,1787.597855227882
802,578.4766169154229
803,160.1953125
804,1787.597855227882
805,746.947063089195
806,1463.5486044273339
807,603.0587544065805
808,268.3028017241379
809,578.4766169154229
810,0.0
811,2272.3567567567566
812,1021.7058823529412
813,848.723279648609
814,0.0
815,746.947063089195
816,1319.141683778234
817,578.4766169154229
818,160.1953125
819,268.3028017241379
820,327.2893890675241
821,776.0431893687708
822,276.44386149003145
823,327.2893890675241
824,160.1953125
825,776.0431893687708
826,1007.5476673427992
827,160.1953125
828,1463.5486044273339
829,268.3028017241379
830,848.723279648609
831,603.0587544065805
832,776.0431893687708
833,160.1953125
834,1463.5486044273339
835,578.4766169154229
836,1007.5476673427992
837,268.3028017241379
838,268.3028017241379
839,1485.4991638795987
840,776.0431893687708
841,776.0431893687708
842,327.2893890675241
843,276.44386149003145
844,160.1953125
845,603.0587544065805
846,219.58858267716536
847,1316.8356890459363
848,327.2893890675241
849,848.723279648609
850,746.947063089195
851,327.2893890675241
852,1694.1086118251928
853,268.3028017241379
854,1316.8356890459363
855,327.2893890675241
856,1316.8356890459363
857,776.0431893687708
858,746.947063089195
859,1050.0679460580914
860,160.1953125
861,268.3028017241379
862,160.1953125
863,1787.597855227882
864,268.3028017241379
865,0.0
866,1007.5476673427992
867,160.1953125
868,848.723279648609
869,776.0431893687708
870,1463.5486044273339
871,1050.0679460580914
872,268.3028017241379
873,776.0431893687708
874,160.1953125
875,1316.8356890459363
876,1007.5476673427992
877,268.3028017241379
878,160.1953125
879,1463.5486044273339
880,1021.7058823529412
881,160.1953125
882,268.3028017241379
883,0.0
884,160.1953125
885,2655.903448275862
886,1787.597855227882
887,603.0587544065805
888,1007.5476673427992
889,848.723279648609
890,268.3028017241379
891,746.947063089195
892,160.1953125
893,1050.0679460580914
894,1316.8356890459363
895,776.0431893687708
896,1316.8356890459363
897,2272.3567567567566
898,1021.7058823529412
899,327.2893890675241
900,1383.9115354637568
901,776.0431893687708
902,0.0
903,848.723279648609
904,160.1953125
905,1316.8356890459363
906,578.4766169154229
907,1021.7058823529412
908,746.947063089195
909,1463.5486044273339
910,160.1953125
911,327.2893890675241
912,1021.7058823529412
913,160.1953125
914,160.1953125
915,848.723279648609
916,1316.8356890459363
917,2655.903448275862
918,0.0
919,1597.5063063063062
920,1050.0679460580914
921,1319.141683778234
922,1463.5486044273339
923,160.1953125
924,578.4766169154229
925,219.58858267716536
926,1383.9115354637568
927,1316.8356890459363
928,337.6835106382979
929,848.723279648609
930,1694.1086118251928
931,1787.597855227882
932,160.1953125
933,160.1953125
934,160.1953125
935,848.723279648609
936,1316.8356890459363
937,1694.1086118251928
938,0.0
939,268.3028017241379
940,1042.7290836653387
941,603.0587544065805
942,0.0
943,268.3028017241379
944,327.2893890675241
945,1945.727034120735
946,160.1953125
947,1597.5063063063062
948,1316.8356890459363
949,219.58858267716536
950,1050.0679460580914
951,1042.7290836653387
952,327.2893890675241
953,578.4766169154229
954,160.1953125
955,1316.8356890459363
956,160.1953125
957,1021.7058823529412
958,1316.8356890459363
959,303.8021052631579
960,776.0431893687708
961,848.723279648609
962,1050.0679460580914
963,268.3028017241379
964,1316.8356890459363
965,1007.5476673427992
966,268.3028017241379
967,1316.8356890459363
968,327.2893890675241
969,219.58858267716536
970,268.3028017241379
971,1007.5476673427992
972,776.0431893687708
973,160.1953125
974,1383.9115354637568
975,268.3028017241379
976,1463.5486044273339
977,219.58858267716536
978,1316.8356890459363
979,160.1953125
980,160.1953125
981,160.1953125
982,268.3028017241379
983,1021.7058823529412
984,1050.0679460580914
985,268.3028017241379
986,327.2893890675241
987,268.3028017241379
988,2105.9795918367345
989,0.0
990,1316.8356890459363
991,776.0431893687708
992,578.4766169154229
993,746.947063089195
994,1007.5476673427992
995,578.4766169154229
996,179.28091236494598
997,1007.5476673427992
998,219.58858267716536
999,2272.3567567567566
1000,578.4766169154229
1001,327.2893890675241
1002,578.4766169154229
1003,1007.5476673427992
1004,1316.8356890459363
1005,1316.8356890459363
1006,160.1953125
1007,848.723279648609
1008,160.1953125
1009,746.947063089195
1010,1316.8356890459363
1011,0.0
1012,2401.9740518962076
1013,1050.0679460580914
1014,327.2893890675241
1015,1316.8356890459363
1016,776.0431893687708
1017,1050.0679460580914
1018,160.1953125
1019,160.1953125
1020,219.58858267716536
1021,327.2893890675241
1022,2272.3567567567566
1023,776.0431893687708
1024,1021.7058823529412
1025,603.0587544065805
1026,1050.0679460580914
1027,2274.8828451882846
1028,160.1953125
1029,2272.3567567567566
1030,327.2893890675241
1031,327.2893890675241
1032,160.1953125
1033,848.723279648609
1034,160.1953125
1035,746.947063089195
1036,268.3028017241379
1037,578.4766169154229
1038,160.1953125
1039,1316.8356890459363
1040,268.3028017241379
1041,268.3028017241379
1042,1050.0679460580914
1043,603.0587544065805
1044,1050.0679460580914
1045,0.0
1046,578.4766169154229
1047,1316.8356890459363
1048,848.723279648609
1049,160.1953125
1050,1316.8356890459363
1051,268.3028017241379
1052,1787.597855227882
1053,268.3028017241379
1054,268.3028017241379
1055,1319.141683778234
1056,268.3028017241379
1057,160.1953125
1058,1316.8356890459363
1059,268.3028017241379
1060,1319.141683778234
1061,1787.597855227882
1062,1316.8356890459363
1063,1945.727034120735
1064,603.0587544065805
1065,327.2893890675241
1066,1463.5486044273339
1067,0.0
1068,1316.8356890459363
1069,1316.8356890459363
1070,1787.597855227882
1071,0.0
1072,1050.0679460580914
1073,1050.0679460580914
1074,603.0587544065805
1075,1007.5476673427992
1076,603.0587544065805
1077,268.3028017241379
1078,0.0
1079,303.8021052631579
1080,1787.597855227882
1081,848.723279648609
1082,717.6172839506173
1083,327.2893890675241
1084,160.1953125
1085,776.0431893687708
1086,1694.1086118251928
1087,1694.1086118251928
1088,1316.8356890459363
1089,160.1953125
1090,603.0587544065805
1091,179.28091236494598
1092,1316.8356890459363
1093,717.6172839506173
1094,776.0431893687708
1095,1007.5476673427992
1096,848.723279648609
1097,1316.8356890459363
1098,603.0587544065805
1099,268.3028017241379
1100,327.2893890675241
1101,1007.5476673427992
1102,268.3028017241379
1103,848.723279648609
1104,327.2893890675241
1105,160.1953125
1106,776.0431893687708
1107,1316.8356890459363
1108,1007.5476673427992
1109,1694.1086118251928
1110,327.2893890675241
1111,160.1953125
1112,1050.0679460580914
1113,160.1953125
1114,1007.5476673427992
1115,746.947063089195
1116,578.4766169154229
1117,848.723279648609
1118,179.28091236494598
1119,603.0587544065805
1120,219.58858267716536
1121,1050.0679460580914
1122,268.3028017241379
1123,179.28091236494598
1124,1007.5476673427992
1125,160.1953125
1126,219.58858267716536
1127,1463.5486044273339
1128,578.4766169154229
1129,219.58858267716536
1130,1463.5486044273339
1131,1316.8356890459363
1132,1316.8356890459363
1133,776.0431893687708
1134,327.2893890675241
1135,327.2893890675241
1136,578.4766169154229
1137,1007.5476673427992
1138,268.3028017241379
1139,848.723279648609
1140,848.723279648609
1141,1316.8356890459363
1142,268.3028017241379
1143,746.947063089195
1144,1007.5476673427992
1145,268.3028017241379
1146,0.0
1147,268.3028017241379
1148,603.0587544065805
1149,268.3028017241379
1150,603.0587544065805
1151,160.1953125
1152,746.947063089195
1153,776.0431893687708
1154,1021.7058823529412
1155,268.3028017241379
1156,268.3028017241379
1157,179.28091236494598
1158,1316.8356890459363
1159,1463.5486044273339
1160,160.1953125
1161,1007.5476673427992
1162,160.1953125
1163,1463.5486044273339
1164,1316.8356890459363
1165,2272.3567567567566
1166,1316.8356890459363
1167,268.3028017241379
1168,1007.5476673427992
1169,1463.5486044273339
1170,219.58858267716536
1171,219.58858267716536
1172,746.947063089195
1173,1463.5486044273339
1174,268.3028017241379
1175,578.4766169154229
1176,1319.141683778234
1177,848.723279648609
1178,1021.7058823529412
1179,268.3028017241379
1180,327.2893890675241
1181,1316.8356890459363
1182,848.723279648609
1183,1007.5476673427992
1184,603.0587544065805
1185,746.947063089195
1186,1463.5486044273339
1187,746.947063089195
1188,746.947063089195
1189,578.4766169154229
1190,1316.8356890459363
1191,848.723279648609
1192,746.947063089195
1193,1007.5476673427992
1194,848.723279648609
1195,603.0587544065805
1196,746.947063089195
1197,746.947063089195
1198,1316.8356890459363
1199,327.2893890675241
1200,327.2893890675241
1201,1007.5476673427992
1202,160.1953125
1203,1787.597855227882
1204,0.0
1205,160.1953125
1206,1463.5486044273339
1207,1007.5476673427992
1208,327.2893890675241
1209,219.58858267716536
1210,160.1953125
1211,746.947063089195
1212,1021.7058823529412
1213,327.2893890675241
1214,578.4766169154229
1215,603.0587544065805
1216,160.1953125
1217,578.4766169154229
1218,1050.0679460580914
1219,268.3028017241379
1220,268.3028017241379
1221,1383.9115354637568
1222,1316.8356890459363
1223,578.4766169154229
1224,160.1953125
1225,1787.597855227882
1226,1316.8356890459363
1227,160.1953125
1228,268.3028017241379
1229,160.1953125
1230,268.3028017241379
1231,1319.141683778234
1232,1316.8356890459363
1233,746.947063089195
1234,776.0431893687708
1235,1316.8356890459363
1236,160.1953125
1237,848.723279648609
1238,327.2893890675241
1239,1007.5476673427992
1240,2328.9467213114754
1241,1007.5476673427992
1242,1463.5486044273339
1243,603.0587544065805
1244,268.3028017241379
1245,327.2893890675241
1246,0.0
1247,327.2893890675241
1248,160.1953125
1249,160.1953125
1250,160.1953125
1251,160.1953125
1252,327.2893890675241
1253,1316.8356890459363
1254,0.0
1255,327.2893890675241
1256,160.1953125
1257,603.0587544065805
1258,0.0
1259,848.723279648609
1260,268.3028017241379
1261,160.1953125
1262,219.58858267716536
1263,1316.8356890459363
1264,1316.8356890459363
1265,160.1953125
1266,1383.9115354637568
1267,1463.5486044273339
1268,2105.9795918367345
1269,1007.5476673427992
1270,268.3028017241379
1271,1316.8356890459363
1272,327.2893890675241
1273,1021.7058823529412
1274,327.2893890675241
1275,776.0431893687708
1276,1007.5476673427992
1277,160.1953125
1278,160.1953125
1279,1383.9115354637568
1280,268.3028017241379
1281,160.1953125
1282,327.2893890675241
1283,578.4766169154229
1284,603.0587544065805
1285,1007.5476673427992
1286,578.4766169154229
1287,848.723279648609
1288,179.28091236494598
1289,2105.9795918367345
1290,0.0
1291,1007.5476673427992
1292,578.4766169154229
1293,2105.9795918367345
1294,1316.8356890459363
1295,1050.0679460580914
1296,0.0
1297,219.58858267716536
1298,268.3028017241379
1299,268.3028017241379
1300,603.0587544065805
1301,848.723279648609
1302,327.2893890675241
1303,578.4766169154229
1304,2105.9795918367345
1305,1862.579831932773
1306,160.1953125
1307,578.4766169154229
1308,1007.5476673427992
1309,160.1953125
1310,268.3028017241379
1311,1042.7290836653387
1312,1316.8356890459363
1313,746.947063089195
1314,1316.8356890459363
1315,2655.903448275862
1316,746.947063089195
1317,327.2893890675241
1318,0.0
1319,160.1953125
1320,219.58858267716536
1321,603.0587544065805
1322,746.947063089195
1323,1463.5486044273339
1324,219.58858267716536
1325,327.2893890675241
1326,219.58858267716536
1327,268.3028017241379
1328,160.1953125
1329,603.0587544065805
1330,776.0431893687708
1331,1463.5486044273339
1332,1050.0679460580914
1333,160.1953125
1334,0.0
1335,848.723279648609
1336,776.0431893687708
1337,327.2893890675241
1338,268.3028017241379
1339,327.2893890675241
1340,160.1953125
1341,603.0587544065805
1342,0.0
1343,1316.8356890459363
1344,578.4766169154229
1345,1021.7058823529412
1346,848.723279648609
1347,2105.9795918367345
1348,1007.5476673427992
1349,1050.0679460580914
1350,1316.8356890459363
1351,848.723279648609
1352,1319.141683778234
1353,160.1953125
1354,1383.9115354637568
1355,578.4766169154229
1356,276.44386149003145
1357,1050.0679460580914
1358,578.4766169154229
1359,268.3028017241379
1360,1383.9115354637568
1361,160.1953125
1362,1862.579831932773
1363,1021.7058823529412
1364,179.28091236494598
1365,1485.4991638795987
1366,268.3028017241379
1367,0.0
1368,1007.5476673427992
1369,268.3028017241379
1370,578.4766169154229
1371,746.947063089195
1372,160.1953125
1373,1945.727034120735
1374,1050.0679460580914
1375,219.58858267716536
1376,746.947063089195
1377,578.4766169154229
1378,603.0587544065805
1379,2401.9740518962076
1380,1316.8356890459363
1381,1050.0679460580914
1382,1463.5486044273339
1383,603.0587544065805
1384,746.947063089195
1385,0.0
1386,1485.4991638795987
1387,160.1953125
1388,1787.597855227882
1389,2401.9740518962076
1390,268.3028017241379
1391,1463.5486044273339
1392,603.0587544065805
1393,2655.903448275862
1394,578.4766169154229
1395,2401.9740518962076
1396,1316.8356890459363
1397,160.1953125
1398,776.0431893687708
1399,0.0
1400,1050.0679460580914
1401,160.1953125
1402,848.723279648609
1403,268.3028017241379
1404,268.3028017241379
1405,219.58858267716536
1406,578.4766169154229
1407,848.723279648609
1408,1316.8356890459363
1409,268.3028017241379
1410,1050.0679460580914
1411,1050.0679460580914
1412,160.1953125
1413,1007.5476673427992
1414,603.0587544065805
1415,327.2893890675241
1416,746.947063089195
1417,1316.8356890459363
1418,603.0587544065805
1419,1945.727034120735
1420,848.723279648609
1421,603.0587544065805
1422,776.0431893687708
1423,776.0431893687708
1424,268.3028017241379
1425,179.28091236494598
1426,1316.8356890459363
1427,1316.8356890459363
1428,268.3028017241379
1429,337.6835106382979
1430,327.2893890675241
1431,848.723279648609
1432,1316.8356890459363
1433,1316.8356890459363
1434,603.0587544065805
1435,327.2893890675241
1436,160.1953125
1437,160.1953125
1438,160.1953125
1439,1463.5486044273339
1440,1316.8356890459363
1441,179.28091236494598
1442,1007.5476673427992
1443,160.1953125
1444,1007.5476673427992
1445,1050.0679460580914
1446,1319.141683778234
1447,1050.0679460580914
1448,0.0
1449,746.947063089195
1450,746.947063089195
1451,603.0587544065805
1452,327.2893890675241
1453,603.0587544065805
1454,160.1953125
1455,1383.9115354637568
1456,268.3028017241379
1457,0.0
1458,1007.5476673427992
1459,1597.5063063063062
1460,2401.9740518962076
1461,160.1953125
1462,160.1953125
1463,160.1953125
1464,0.0
1465,268.3028017241379
1466,1694.1086118251928
1467,578.4766169154229
1468,603.0587544065805
1469,1316.8356890459363
1470,160.1953125
1471,268.3028017241379
1472,327.2893890675241
1473,327.2893890675241
1474,2274.8828451882846
1475,1316.8356890459363
1476,1945.727034120735
1477,268.3028017241379
1478,1787.597855227882
1479,327.2893890675241
1480,268.3028017241379
1481,1463.5486044273339
1482,603.0587544065805
1483,268.3028017241379
1484,268.3028017241379
1485,1021.7058823529412
1486,746.947063089195
1487,327.2893890675241
1488,848.723279648609
1489,776.0431893687708
1490,160.1953125
1491,1787.597855227882
1492,179.28091236494598
1493,1316.8356890459363
1494,1007.5476673427992
1495,268.3028017241379
1496,160.1953125
1497,327.2893890675241
1498,219.58858267716536
1499,776.0431893687708
1500,160.1953125
1501,848.723279648609
1502,578.4766169154229
1503,848.723279648609
1504,848.723279648609
1505,1787.597855227882
1506,268.3028017241379
1507,1316.8356890459363
1508,160.1953125
1509,160.1953125
1510,578.4766169154229
1511,268.3028017241379
1512,1383.9115354637568
1513,160.1953125
1514,327.2893890675241
1515,578.4766169154229
1516,1316.8356890459363
1517,776.0431893687708
1518,578.4766169154229
1519,578.4766169154229
1520,2401.9740518962076
1521,746.947063089195
1522,303.8021052631579
1523,160.1953125
1524,1694.1086118251928
1525,1007.5476673427992
1526,1050.0679460580914
1527,578.4766169154229
1528,1694.1086118251928
1529,268.3028017241379
1530,1021.7058823529412
1531,1316.8356890459363
1532,2401.9740518962076
1533,746.947063089195
1534,160.1953125
1535,848.723279648609
1536,1316.8356890459363
1537,603.0587544065805
1538,1945.727034120735
1539,848.723279648609
1540,2105.9795918367345
1541,327.2893890675241
1542,160.1953125
1543,160.1953125
1544,2125.509090909091
1545,327.2893890675241
1546,1463.5486044273339
1547,848.723279648609
1548,1316.8356890459363
1549,160.1953125
1550,1316.8356890459363
1551,1787.597855227882
1552,1787.597855227882
1553,1485.4991638795987
1554,160.1953125
1555,327.2893890675241
1556,776.0431893687708
1557,776.0431893687708
1558,1383.9115354637568
1559,160.1953125
1560,1787.597855227882
1561,268.3028017241379
1562,179.28091236494598
1563,268.3028017241379
1564,1316.8356890459363
1565,1007.5476673427992
1566,0.0
1567,578.4766169154229
1568,0.0
1569,1383.9115354637568
1570,327.2893890675241
1571,578.4766169154229
1572,0.0
1573,327.2893890675241
1574,1050.0679460580914
1575,1463.5486044273339
1576,603.0587544065805
1577,848.723279648609
1578,801.4492119089317
1579,303.8021052631579
1580,1007.5476673427992
1581,1007.5476673427992
1582,1597.5063063063062
1583,327.2893890675241
1584,578.4766169154229
1585,2125.509090909091
1586,0.0
1587,1007.5476673427992
1588,160.1953125
1589,1007.5476673427992
1590,1007.5476673427992
1591,219.58858267716536
1592,0.0
1593,848.723279648609
1594,746.947063089195
1595,1050.0679460580914
1596,1050.0679460580914
1597,160.1953125
1598,1050.0679460580914
1599,1463.5486044273339
1600,2401.9740518962076
1601,179.28091236494598
1602,1316.8356890459363
1603,603.0587544065805
1604,268.3028017241379
1605,1007.5476673427992
1606,327.2893890675241
1607,1463.5486044273339
1608,160.1953125
1609,603.0587544065805
1610,578.4766169154229
1611,578.4766169154229
1612,1316.8356890459363
1613,268.3028017241379
1614,327.2893890675241
1615,268.3028017241379
1616,327.2893890675241
1617,848.723279648609
1618,578.4766169154229
1619,276.44386149003145
1620,268.3028017241379
1621,160.1953125
1622,219.58858267716536
1623,1316.8356890459363
1624,0.0
1625,746.947063089195
1626,327.2893890675241
1627,1042.7290836653387
1628,603.0587544065805
1629,327.2893890675241
1630,848.723279648609
1631,268.3028017241379
1632,1316.8356890459363
1633,578.4766169154229
1634,1383.9115354637568
1635,219.58858267716536
1636,1787.597855227882
1637,179.28091236494598
1638,603.0587544065805
1639,578.4766169154229
1640,268.3028017241379
1641,160.1953125
1642,327.2893890675241
1643,776.0431893687708
1644,578.4766169154229
1645,578.4766169154229
1646,219.58858267716536
1647,268.3028017241379
1648,268.3028017241379
1649,179.28091236494598
1650,603.0587544065805
1651,160.1953125
1652,1316.8356890459363
1653,268.3028017241379
1654,1463.5486044273339
1655,848.723279648609
1656,1463.5486044273339
1657,160.1953125
1658,219.58858267716536
1659,746.947063089195
1660,578.4766169154229
1661,160.1953125
1662,268.3028017241379
1663,1316.8356890459363
1664,1316.8356890459363
1665,160.1953125
1666,160.1953125
1667,578.4766169154229
1668,1042.7290836653387
1669,776.0431893687708
1670,327.2893890675241
1671,160.1953125
1672,1007.5476673427992
1673,603.0587544065805
1674,160.1953125
1675,303.8021052631579
1676,268.3028017241379
1677,1463.5486044273339
1678,746.947063089195
1679,268.3028017241379
1680,1945.727034120735
1681,160.1953125
1682,1383.9115354637568
1683,603.0587544065805
1684,0.0
1685,268.3028017241379
1686,268.3028017241379
1687,268.3028017241379
1688,603.0587544065805
1689,0.0
1690,1316.8356890459363
1691,1463.5486044273339
1692,268.3028017241379
1693,746.947063089195
1694,1316.8356890459363
1695,0.0
1696,160.1953125
1697,160.1953125
1698,327.2893890675241
1699,268.3028017241379
1700,160.1953125
1701,160.1953125
1702,746.947063089195
1703,268.3028017241379
1704,746.947063089195
1705,776.0431893687708
1706,1007.5476673427992
1707,1787.597855227882
1708,1463.5486044273339
1709,1383.9115354637568
1710,603.0587544065805
1711,160.1953125
1712,1316.8356890459363
1713,268.3028017241379
1714,848.723279648609
1715,1007.5476673427992
1716,746.947063089195
1717,603.0587544065805
1718,268.3028017241379
1719,0.0
1720,268.3028017241379
1721,1050.0679460580914
1722,268.3028017241379
1723,1463.5486044273339
1724,746.947063089195
1725,327.2893890675241
1726,160.1953125
1727,327.2893890675241
1728,1463.5486044273339
1729,848.723279648609
1730,1463.5486044273339
1731,1316.8356890459363
1732,0.0
1733,1316.8356890459363
1734,1316.8356890459363
1735,578.4766169154229
1736,0.0
1737,848.723279648609
1738,219.58858267716536
1739,327.2893890675241
1740,848.723279648609
1741,603.0587544065805
1742,1007.5476673427992
1743,1316.8356890459363
1744,179.28091236494598
1745,848.723279648609
1746,160.1953125
1747,160.1953125
1748,268.3028017241379
1749,578.4766169154229
1750,603.0587544065805
1751,1862.579831932773
1752,219.58858267716536
1753,160.1953125
1754,1463.5486044273339
1755,160.1953125
1756,848.723279648609
1757,603.0587544065805
1758,1316.8356890459363
1759,219.58858267716536
1760,1021.7058823529412
1761,268.3028017241379
1762,1007.5476673427992
1763,1050.0679460580914
1764,179.28091236494598
1765,179.28091236494598
1766,268.3028017241379
1767,268.3028017241379
1768,327.2893890675241
1769,578.4766169154229
1770,0.0
1771,327.2893890675241
1772,268.3028017241379
1773,776.0431893687708
1774,327.2893890675241
1775,1383.9115354637568
1776,268.3028017241379
1777,1316.8356890459363
1778,776.0431893687708
1779,1945.727034120735
1780,327.2893890675241
1781,1007.5476673427992
1782,578.4766169154229
1783,578.4766169154229
1784,848.723279648609
1785,603.0587544065805
1786,268.3028017241379
1787,603.0587544065805
1788,327.2893890675241
1789,327.2893890675241
1790,603.0587544065805
1791,268.3028017241379
1792,327.2893890675241
1793,268.3028017241379
1794,268.3028017241379
1795,746.947063089195
1796,160.1953125
1797,776.0431893687708
1798,1021.7058823529412
1799,578.4766169154229
1800,1463.5486044273339
1801,603.0587544065805
1802,2272.3567567567566
1803,603.0587544065805
1804,268.3028017241379
1805,160.1953125
1806,603.0587544065805
1807,0.0
1808,1316.8356890459363
1809,219.58858267716536
1810,160.1953125
1811,160.1953125
1812,327.2893890675241
1813,327.2893890675241
1814,160.1953125
1815,0.0
1816,1316.8356890459363
1817,1050.0679460580914
1818,1316.8356890459363
1819,160.1953125
1820,268.3028017241379
1821,776.0431893687708
1822,603.0587544065805
1823,160.1953125
1824,578.4766169154229
1825,268.3028017241379
1826,1945.727034120735
1827,160.1953125
1828,1316.8356890459363
1829,268.3028017241379
1830,1316.8356890459363
1831,268.3028017241379
1832,160.1953125
1833,746.947063089195
1834,0.0
1835,746.947063089195
1836,1316.8356890459363
1837,219.58858267716536
1838,1050.0679460580914
1839,578.4766169154229
1840,327.2893890675241
1841,327.2893890675241
1842,1007.5476673427992
1843,160.1953125
1844,327.2893890675241
1845,0.0
1846,1007.5476673427992
1847,219.58858267716536
1848,1383.9115354637568
1849,1316.8356890459363
1850,578.4766169154229
1851,578.4766169154229
1852,578.4766169154229
1853,268.3028017241379
1854,160.1953125
1855,1316.8356890459363
1856,179.28091236494598
1857,603.0587544065805
1858,268.3028017241379
1859,746.947063089195
1860,160.1953125
1861,1316.8356890459363
1862,1945.727034120735
1863,1316.8356890459363
1864,776.0431893687708
1865,1945.727034120735
1866,776.0431893687708
1867,1316.8356890459363
1868,746.947063089195
1869,268.3028017241379
1870,160.1953125
1871,160.1953125
1872,219.58858267716536
1873,327.2893890675241
1874,160.1953125
1875,268.3028017241379
1876,1694.1086118251928
1877,327.2893890675241
1878,578.4766169154229
1879,776.0431893687708
1880,160.1953125
1881,1007.5476673427992
1882,776.0431893687708
1883,219.58858267716536
1884,1316.8356890459363
1885,219.58858267716536
1886,1050.0679460580914
1887,1316.8356890459363
1888,160.1953125
1889,219.58858267716536
1890,0.0
1891,327.2893890675241
1892,0.0
1893,776.0431893687708
1894,578.4766169154229
1895,1316.8356890459363
1896,268.3028017241379
1897,268.3028017241379
1898,160.1953125
1899,1316.8356890459363
1900,848.723279648609
1901,746.947063089195
1902,160.1953125
1903,327.2893890675241
1904,1050.0679460580914
1905,776.0431893687708
1906,776.0431893687708
1907,327.2893890675241
1908,160.1953125
1909,160.1953125
1910,160.1953125
1911,268.3028017241379
1912,160.1953125
1913,160.1953125
1914,160.1953125
1915,578.4766169154229
1916,776.0431893687708
1917,1007.5476673427992
1918,776.0431893687708
1919,303.8021052631579
1920,160.1953125
1921,0.0
1922,746.947063089195
1923,327.2893890675241
1924,1021.7058823529412
1925,327.2893890675241
1926,1316.8356890459363
1927,578.4766169154229
1928,160.1953125
1929,160.1953125
1930,578.4766169154229
1931,160.1953125
1932,1463.5486044273339
1933,578.4766169154229
1934,327.2893890675241
1935,848.723279648609
1936,160.1953125
1937,1050.0679460580914
1938,268.3028017241379
1939,268.3028017241379
1940,1007.5476673427992
1941,1787.597855227882
1942,268.3028017241379
1943,327.2893890675241
1944,160.1953125
1945,578.4766169154229
1946,327.2893890675241
1947,160.1953125
1948,160.1953125
1949,603.0587544065805
1950,1021.7058823529412
1951,848.723279648609
1952,160.1953125
1953,578.4766169154229
1954,1597.5063063063062
1955,776.0431893687708
1956,578.4766169154229
1957,179.28091236494598
1958,578.4766169154229
1959,1007.5476673427992
1960,160.1953125
1961,603.0587544065805
1962,327.2893890675241
1963,746.947063089195
1964,160.1953125
1965,0.0
1966,160.1953125
1967,848.723279648609
1968,327.2893890675241
1969,1463.5486044273339
1970,1316.8356890459363
1971,746.947063089195
1972,219.58858267716536
1973,1021.7058823529412
1974,327.2893890675241
1975,578.4766169154229
1976,160.1953125
1977,268.3028017241379
1978,578.4766169154229
1979,1463.5486044273339
1980,578.4766169154229
1981,1316.8356890459363
1982,327.2893890675241
1983,268.3028017241379
1984,848.723279648609
1985,268.3028017241379
1986,1316.8356890459363
1987,219.58858267716536
1988,1694.1086118251928
1989,746.947063089195
1990,1787.597855227882
1991,160.1953125
1992,746.947063089195
1993,160.1953125
1994,1945.727034120735
1995,578.4766169154229
1996,327.2893890675241
1997,1021.7058823529412
1998,327.2893890675241
1999,160.1953125
2000,1485.4991638795987
2001,603.0587544065805
2002,1042.7290836653387
2003,268.3028017241379
2004,1007.5476673427992
2005,1383.9115354637568
2006,848.723279648609
2007,578.4766169154229
2008,160.1953125
2009,160.1953125
2010,1316.8356890459363
2011,1787.597855227882
2012,1787.597855227882
2013,603.0587544065805
2014,160.1953125
2015,1050.0679460580914
2016,578.4766169154229
2017,1316.8356890459363
2018,578.4766169154229
2019,578.4766169154229
2020,603.0587544065805
2021,603.0587544065805
2022,2401.9740518962076
2023,327.2893890675241
2024,327.2893890675241
2025,848.723279648609
2026,1694.1086118251928
2027,848.723279648609
2028,1007.5476673427992
2029,1383.9115354637568
2030,1316.8356890459363
2031,578.4766169154229
2032,776.0431893687708
2033,1787.597855227882
2034,1021.7058823529412
2035,1787.597855227882
2036,1050.0679460580914
2037,578.4766169154229
2038,327.2893890675241
2039,1787.597855227882
2040,160.1953125
2041,603.0587544065805
2042,327.2893890675241
2043,1316.8356890459363
2044,1316.8356890459363
2045,160.1953125
2046,1316.8356890459363
2047,160.1953125
2048,1319.141683778234
2049,776.0431893687708
2050,160.1953125
2051,1597.5063063063062
2052,578.4766169154229
2053,848.723279648609
2054,603.0587544065805
2055,578.4766169154229
2056,327.2893890675241
2057,1694.1086118251928
2058,1316.8356890459363
2059,219.58858267716536
2060,1007.5476673427992
2061,2274.8828451882846
2062,179.28091236494598
2063,603.0587544065805
2064,160.1953125
2065,848.723279648609
2066,1021.7058823529412
2067,1945.727034120735
2068,219.58858267716536
2069,337.6835106382979
2070,160.1953125
2071,1316.8356890459363
2072,327.2893890675241
2073,1694.1086118251928
2074,746.947063089195
2075,160.1953125
2076,160.1953125
2077,268.3028017241379
2078,1694.1086118251928
2079,327.2893890675241
2080,1463.5486044273339
2081,1694.1086118251928
2082,603.0587544065805
2083,578.4766169154229
2084,1021.7058823529412
2085,2274.8828451882846
2086,1021.7058823529412
2087,219.58858267716536
2088,1694.1086118251928
2089,160.1953125
2090,848.723279648609
2091,578.4766169154229
2092,1050.0679460580914
2093,1050.0679460580914
2094,160.1953125
2095,1463.5486044273339
2096,603.0587544065805
2097,268.3028017241379
2098,1316.8356890459363
2099,1021.7058823529412
2100,268.3028017241379
2101,1007.5476673427992
2102,776.0431893687708
2103,1316.8356890459363
2104,746.947063089195
2105,160.1953125
2106,848.723279648609
2107,268.3028017241379
2108,268.3028017241379
2109,1316.8356890459363
2110,1316.8356890459363
2111,746.947063089195
2112,1021.7058823529412
2113,1316.8356890459363
2114,0.0
2115,2272.3567567567566
2116,848.723279648609
2117,160.1953125
2118,219.58858267716536
2119,268.3028017241379
2120,327.2893890675241
2121,160.1953125
2122,160.1953125
2123,603.0587544065805
2124,160.1953125
2125,1316.8356890459363
2126,1021.7058823529412
2127,578.4766169154229
2128,268.3028017241379
2129,746.947063089195
2130,1463.5486044273339
2131,268.3028017241379
2132,578.4766169154229
2133,746.947063089195
2134,1050.0679460580914
2135,1007.5476673427992
2136,219.58858267716536
2137,1050.0679460580914
2138,1021.7058823529412
2139,603.0587544065805
2140,219.58858267716536
2141,1316.8356890459363
2142,578.4766169154229
2143,848.723279648609
2144,219.58858267716536
2145,268.3028017241379
2146,578.4766169154229
2147,1316.8356890459363
2148,1316.8356890459363
2149,1316.8356890459363
2150,1485.4991638795987
2151,303.8021052631579
2152,160.1953125
2153,1383.9115354637568
2154,268.3028017241379
2155,268.3028017241379
2156,1316.8356890459363
2157,1316.8356890459363
2158,0.0
2159,268.3028017241379
2160,160.1953125
2161,1316.8356890459363
2162,578.4766169154229
2163,1787.597855227882
2164,578.4766169154229
2165,160.1953125
2166,179.28091236494598
2167,327.2893890675241
2168,327.2893890675241
2169,776.0431893687708
2170,160.1953125
2171,1862.579831932773
2172,327.2893890675241
2173,160.1953125
2174,1787.597855227882
2175,1463.5486044273339
2176,1007.5476673427992
2177,327.2893890675241
2178,746.947063089195
2179,1316.8356890459363
2180,1316.8356890459363
2181,268.3028017241379
2182,160.1953125
2183,1021.7058823529412
2184,1316.8356890459363
2185,746.947063089195
2186,160.1953125
2187,160.1953125
2188,1050.0679460580914
2189,160.1953125
2190,1050.0679460580914
2191,1316.8356890459363
2192,327.2893890675241
2193,578.4766169154229
2194,776.0431893687708
2195,776.0431893687708
2196,276.44386149003145
2197,776.0431893687708
2198,1463.5486044273339
2199,327.2893890675241
2200,327.2893890675241
2201,327.2893890675241
2202,1787.597855227882
2203,160.1953125
2204,603.0587544065805
2205,1316.8356890459363
2206,603.0587544065805
2207,327.2893890675241
2208,1463.5486044273339
2209,1787.597855227882
2210,776.0431893687708
2211,603.0587544065805
2212,268.3028017241379
2213,578.4766169154229
2214,303.8021052631579
2215,1316.8356890459363
2216,1787.597855227882
2217,219.58858267716536
2218,603.0587544065805
2219,327.2893890675241
2220,268.3028017241379
2221,2274.8828451882846
2222,268.3028017241379
2223,1021.7058823529412
2224,1316.8356890459363
2225,268.3028017241379
2226,1316.8356890459363
2227,268.3028017241379
2228,2272.3567567567566
2229,1694.1086118251928
2230,1787.597855227882
2231,303.8021052631579
2232,160.1953125
2233,268.3028017241379
2234,1316.8356890459363
2235,327.2893890675241
2236,1316.8356890459363
2237,1316.8356890459363
2238,0.0
2239,160.1953125
2240,603.0587544065805
2241,268.3028017241379
2242,1316.8356890459363
2243,160.1953125
2244,848.723279648609
2245,268.3028017241379
2246,276.44386149003145
2247,268.3028017241379
2248,268.3028017241379
2249,160.1953125
2250,1787.597855227882
2251,327.2893890675241
2252,848.723279648609
2253,578.4766169154229
2254,1316.8356890459363
2255,1316.8356890459363
2256,268.3028017241379
2257,603.0587544065805
2258,179.28091236494598
2259,746.947063089195
2260,1316.8356890459363
2261,603.0587544065805
2262,1316.8356890459363
2263,1463.5486044273339
2264,160.1953125
2265,1050.0679460580914
2266,219.58858267716536
2267,603.0587544065805
2268,1694.1086118251928
2269,776.0431893687708
2270,327.2893890675241
2271,160.1953125
2272,1316.8356890459363
2273,0.0
2274,160.1953125
2275,603.0587544065805
2276,160.1953125
2277,848.723279648609
2278,327.2893890675241
2279,578.4766169154229
2280,160.1953125
2281,1007.5476673427992
2282,268.3028017241379
2283,578.4766169154229
2284,1694.1086118251928
2285,848.723279648609
2286,276.44386149003145
2287,268.3028017241379
2288,776.0431893687708
2289,1787.597855227882
2290,268.3028017241379
2291,327.2893890675241
2292,327.2893890675241
2293,268.3028017241379
2294,578.4766169154229
2295,327.2893890675241
2296,327.2893890675241
2297,2274.8828451882846
2298,848.723279648609
2299,327.2893890675241
2300,776.0431893687708
2301,1050.0679460580914
2302,268.3028017241379
2303,1319.141683778234
2304,578.4766169154229
2305,1463.5486044273339
2306,0.0
2307,1042.7290836653387
2308,848.723279648609
2309,1007.5476673427992
2310,219.58858267716536
2311,603.0587544065805
2312,2274.8828451882846
2313,578.4766169154229
2314,268.3028017241379
2315,0.0
2316,578.4766169154229
2317,2272.3567567567566
2318,2272.3567567567566
2319,276.44386149003145
2320,327.2893890675241
2321,327.2893890675241
2322,0.0
2323,2274.8828451882846
2324,160.1953125
2325,268.3028017241379
2326,327.2893890675241
2327,1319.141683778234
2328,776.0431893687708
2329,578.4766169154229
2330,268.3028017241379
2331,160.1953125
2332,603.0587544065805
2333,1050.0679460580914
2334,1050.0679460580914
2335,776.0431893687708
2336,1050.0679460580914
2337,327.2893890675241
2338,1316.8356890459363
2339,327.2893890675241
2340,268.3028017241379
2341,160.1953125
2342,268.3028017241379
2343,1007.5476673427992
2344,160.1953125
2345,1021.7058823529412
2346,179.28091236494598
2347,268.3028017241379
2348,327.2893890675241
2349,179.28091236494598
2350,0.0
2351,603.0587544065805
2352,0.0
2353,1463.5486044273339
2354,1945.727034120735
2355,1463.5486044273339
2356,1316.8356890459363
2357,0.0
2358,268.3028017241379
2359,848.723279648609
2360,603.0587544065805
2361,776.0431893687708
2362,268.3028017241379
2363,776.0431893687708
2364,1463.5486044273339
2365,2272.3567567567566
2366,1021.7058823529412
2367,776.0431893687708
2368,1021.7058823529412
2369,268.3028017241379
2370,160.1953125
2371,160.1953125
2372,0.0
2373,160.1953125
2374,268.3028017241379
2375,603.0587544065805
2376,848.723279648609
2377,1050.0679460580914
2378,1007.5476673427992
2379,0.0
2380,776.0431893687708
2381,578.4766169154229
2382,219.58858267716536
2383,268.3028017241379
2384,1463.5486044273339
2385,268.3028017241379
2386,327.2893890675241
2387,1383.9115354637568
2388,268.3028017241379
2389,160.1953125
2390,160.1953125
2391,1316.8356890459363
2392,578.4766169154229
2393,1007.5476673427992
2394,2401.9740518962076
2395,1007.5476673427992
2396,160.1953125
2397,1463.5486044273339
2398,160.1953125
2399,160.1953125
2400,268.3028017241379
2401,1862.579831932773
2402,1007.5476673427992
2403,1316.8356890459363
2404,746.947063089195
2405,578.4766169154229
2406,327.2893890675241
2407,160.1953125
2408,160.1953125
2409,1316.8356890459363
2410,160.1953125
2411,219.58858267716536
2412,1021.7058823529412
2413,0.0
2414,179.28091236494598
2415,1007.5476673427992
2416,303.8021052631579
2417,268.3028017241379
2418,1463.5486044273339
2419,1050.0679460580914
2420,327.2893890675241
2421,1050.0679460580914
2422,603.0587544065805
2423,327.2893890675241
2424,276.44386149003145
2425,1316.8356890459363
2426,776.0431893687708
2427,1316.8356890459363
2428,603.0587544065805
2429,1021.7058823529412
2430,603.0587544065805
2431,276.44386149003145
2432,160.1953125
2433,578.4766169154229
2434,160.1953125
2435,268.3028017241379
2436,1050.0679460580914
2437,1316.8356890459363
2438,0.0
2439,327.2893890675241
2440,1319.141683778234
2441,268.3028017241379
2442,1007.5476673427992
2443,2272.3567567567566
2444,327.2893890675241
2445,1316.8356890459363
2446,160.1953125
2447,327.2893890675241
2448,1316.8356890459363
2449,603.0587544065805
2450,219.58858267716536
2451,0.0
2452,1316.8356890459363
2453,179.28091236494598
2454,1316.8356890459363
2455,1316.8356890459363
2456,776.0431893687708
2457,268.3028017241379
2458,1007.5476673427992
2459,776.0431893687708
2460,160.1953125
2461,1007.5476673427992
2462,746.947063089195
2463,1007.5476673427992
2464,1597.5063063063062
2465,268.3028017241379
2466,268.3028017241379
2467,1007.5476673427992
2468,1463.5486044273339
2469,1050.0679460580914
2470,603.0587544065805
2471,303.8021052631579
2472,268.3028017241379
2473,160.1953125
2474,0.0
2475,776.0431893687708
2476,2401.9740518962076
2477,327.2893890675241
2478,268.3028017241379
2479,746.947063089195
2480,1050.0679460580914
2481,848.723279648609
2482,746.947063089195
2483,268.3028017241379
2484,268.3028017241379
2485,603.0587544065805
2486,2655.903448275862
2487,1383.9115354637568
2488,303.8021052631579
2489,2655.903448275862
2490,160.1953125
2491,603.0587544065805
2492,276.44386149003145
2493,179.28091236494598
2494,1787.597855227882
2495,848.723279648609
2496,219.58858267716536
2497,1787.597855227882
2498,1316.8356890459363
2499,1787.597855227882
2500,1007.5476673427992
2501,603.0587544065805
2502,268.3028017241379
2503,1007.5476673427992
2504,1050.0679460580914
2505,1021.7058823529412
2506,160.1953125
2507,1485.4991638795987
2508,268.3028017241379
2509,327.2893890675241
2510,578.4766169154229
2511,776.0431893687708
2512,578.4766169154229
2513,160.1953125
2514,1050.0679460580914
2515,327.2893890675241
2516,219.58858267716536
2517,1316.8356890459363
2518,776.0431893687708
2519,160.1953125
2520,268.3028017241379
2521,327.2893890675241
2522,603.0587544065805
2523,327.2893890675241
2524,1316.8356890459363
2525,717.6172839506173
2526,1007.5476673427992
2527,268.3028017241379
2528,268.3028017241379
2529,0.0
2530,578.4766169154229
2531,160.1953125
2532,160.1953125
2533,1787.597855227882
2534,603.0587544065805
2535,179.28091236494598
2536,160.1953125
2537,746.947063089195
2538,160.1953125
2539,578.4766169154229
2540,1316.8356890459363
2541,179.28091236494598
2542,219.58858267716536
2543,327.2893890675241
2544,1316.8356890459363
2545,1316.8356890459363
2546,1787.597855227882
2547,1316.8356890459363
2548,1316.8356890459363
2549,160.1953125
2550,160.1953125
2551,578.4766169154229
2552,1463.5486044273339
2553,578.4766169154229
2554,1050.0679460580914
2555,268.3028017241379
2556,327.2893890675241
2557,1316.8356890459363
2558,1316.8356890459363
2559,1316.8356890459363
2560,327.2893890675241
2561,327.2893890675241
2562,1050.0679460580914
2563,848.723279648609
2564,219.58858267716536
2565,1316.8356890459363
2566,776.0431893687708
2567,1021.7058823529412
2568,1316.8356890459363
2569,160.1953125
2570,160.1953125
2571,268.3028017241379
2572,268.3028017241379
2573,848.723279648609
2574,1007.5476673427992
2575,327.2893890675241
2576,160.1953125
2577,327.2893890675241
2578,268.3028017241379
2579,776.0431893687708
2580,276.44386149003145
2581,160.1953125
2582,1862.579831932773
2583,717.6172839506173
2584,578.4766169154229
2585,603.0587544065805
2586,268.3028017241379
2587,268.3028017241379
2588,160.1953125
2589,1007.5476673427992
2590,1319.141683778234
2591,219.58858267716536
2592,268.3028017241379
2593,578.4766169154229
2594,1021.7058823529412
2595,848.723279648609
2596,268.3028017241379
2597,1316.8356890459363
2598,578.4766169154229
2599,603.0587544065805
2600,160.1953125
2601,327.2893890675241
2602,160.1953125
2603,1316.8356890459363
2604,848.723279648609
2605,776.0431893687708
2606,327.2893890675241
2607,1694.1086118251928
2608,603.0587544065805
2609,268.3028017241379
2610,179.28091236494598
2611,1316.8356890459363
2612,848.723279648609
2613,1319.141683778234
2614,1383.9115354637568
2615,1021.7058823529412
2616,603.0587544065805
2617,276.44386149003145
2618,578.4766169154229
2619,327.2893890675241
2620,219.58858267716536
2621,1463.5486044273339
2622,0.0
2623,1316.8356890459363
2624,268.3028017241379
2625,327.2893890675241
2626,848.723279648609
2627,160.1953125
2628,1316.8356890459363
2629,327.2893890675241
2630,268.3028017241379
2631,776.0431893687708
2632,746.947063089195
2633,1021.7058823529412
2634,1463.5486044273339
2635,578.4766169154229
2636,1316.8356890459363
2637,1316.8356890459363
2638,1316.8356890459363
2639,1383.9115354637568
2640,746.947063089195
2641,717.6172839506173
2642,746.947063089195
2643,1316.8356890459363
2644,268.3028017241379
2645,1316.8356890459363
2646,327.2893890675241
2647,160.1953125
2648,219.58858267716536
2649,1050.0679460580914
2650,268.3028017241379
2651,1316.8356890459363
2652,603.0587544065805
2653,776.0431893687708
2654,578.4766169154229
2655,1007.5476673427992
2656,160.1953125
2657,160.1953125
2658,160.1953125
2659,1316.8356890459363
2660,276.44386149003145
2661,0.0
2662,1021.7058823529412
2663,327.2893890675241
2664,1316.8356890459363
2665,776.0431893687708
2666,160.1953125
2667,1316.8356890459363
2668,268.3028017241379
2669,160.1953125
2670,1485.4991638795987
2671,1787.597855227882
2672,578.4766169154229
2673,268.3028017241379
2674,1316.8356890459363
2675,160.1953125
2676,327.2893890675241
2677,1316.8356890459363
2678,160.1953125
2679,1787.597855227882
2680,1316.8356890459363
2681,268.3028017241379
2682,1050.0679460580914
2683,1787.597855227882
2684,1316.8356890459363
2685,603.0587544065805
2686,1007.5476673427992
2687,1463.5486044273339
2688,776.0431893687708
2689,327.2893890675241
2690,219.58858267716536
2691,578.4766169154229
2692,1463.5486044273339
2693,0.0
2694,1485.4991638795987
2695,160.1953125
2696,2401.9740518962076
2697,776.0431893687708
2698,1316.8356890459363
2699,327.2893890675241
2700,179.28091236494598
2701,1597.5063063063062
2702,1316.8356890459363
2703,848.723279648609
2704,327.2893890675241
2705,1021.7058823529412
2706,160.1953125
2707,327.2893890675241
2708,219.58858267716536
2709,2125.509090909091
2710,1007.5476673427992
2711,268.3028017241379
2712,268.3028017241379
2713,1383.9115354637568
2714,776.0431893687708
2715,327.2893890675241
2716,160.1953125
2717,2272.3567567567566
2718,268.3028017241379
2719,1787.597855227882
2720,1463.5486044273339
2721,327.2893890675241
2722,848.723279648609
2723,1787.597855227882
2724,1007.5476673427992
2725,1316.8356890459363
2726,268.3028017241379
2727,1463.5486044273339
2728,1021.7058823529412
2729,1007.5476673427992
2730,327.2893890675241
2731,1021.7058823529412
2732,603.0587544065805
2733,1316.8356890459363
2734,268.3028017241379
2735,776.0431893687708
2736,327.2893890675241
2737,848.723279648609
2738,219.58858267716536
2739,1694.1086118251928
2740,603.0587544065805
2741,848.723279648609
2742,1316.8356890459363
2743,160.1953125
2744,746.947063089195
2745,268.3028017241379
2746,327.2893890675241
2747,160.1953125
2748,848.723279648609
2749,1316.8356890459363
2750,1463.5486044273339
2751,160.1953125
2752,1945.727034120735
2753,1007.5476673427992
2754,1007.5476673427992
2755,327.2893890675241
2756,1463.5486044273339
2757,327.2893890675241
2758,1050.0679460580914
2759,1316.8356890459363
2760,327.2893890675241
2761,327.2893890675241
2762,160.1953125
2763,327.2893890675241
2764,268.3028017241379
2765,1050.0679460580914
2766,160.1953125
2767,776.0431893687708
2768,160.1953125
2769,1463.5486044273339
2770,1007.5476673427992
2771,1694.1086118251928
2772,160.1953125
2773,268.3028017241379
2774,603.0587544065805
2775,160.1953125
2776,1316.8356890459363
2777,268.3028017241379
2778,1316.8356890459363
2779,1316.8356890459363
2780,1007.5476673427992
2781,268.3028017241379
2782,1007.5476673427992
2783,0.0
2784,268.3028017241379
2785,327.2893890675241
2786,327.2893890675241
2787,160.1953125
2788,1316.8356890459363
2789,1050.0679460580914
2790,303.8021052631579
2791,776.0431893687708
2792,327.2893890675241
2793,578.4766169154229
2794,327.2893890675241
2795,1316.8356890459363
2796,268.3028017241379
2797,160.1953125
2798,0.0
2799,179.28091236494598
2800,603.0587544065805
2801,1316.8356890459363
2802,160.1953125
2803,160.1953125
2804,1787.597855227882
2805,603.0587544065805
2806,578.4766169154229
2807,1021.7058823529412
2808,2274.8828451882846
2809,268.3028017241379
2810,1007.5476673427992
2811,268.3028017241379
2812,268.3028017241379
2813,327.2893890675241
2814,0.0
2815,268.3028017241379
2816,160.1953125
2817,268.3028017241379
2818,268.3028017241379
2819,327.2893890675241
2820,268.3028017241379
2821,160.1953125
2822,268.3028017241379
2823,0.0
2824,1383.9115354637568
2825,1597.5063063063062
2826,327.2893890675241
2827,603.0587544065805
2828,327.2893890675241
2829,746.947063089195
2830,354.184350132626
2831,327.2893890675241
2832,848.723279648609
2833,1050.0679460580914
2834,1316.8356890459363
2835,268.3028017241379
2836,268.3028017241379
2837,160.1953125
2838,160.1953125
2839,268.3028017241379
2840,327.2893890675241
2841,160.1953125
2842,1463.5486044273339
2843,1787.597855227882
2844,303.8021052631579
2845,1316.8356890459363
2846,603.0587544065805
2847,327.2893890675241
2848,268.3028017241379
2849,1021.7058823529412
2850,776.0431893687708
2851,603.0587544065805
2852,1463.5486044273339
2853,2655.903448275862
2854,160.1953125
2855,160.1953125
2856,160.1953125
2857,848.723279648609
2858,327.2893890675241
2859,0.0
2860,179.28091236494598
2861,746.947063089195
2862,848.723279648609
2863,179.28091236494598
2864,603.0587544065805
2865,1316.8356890459363
2866,219.58858267716536
2867,0.0
2868,160.1953125
2869,160.1953125
2870,1694.1086118251928
2871,327.2893890675241
2872,1316.8356890459363
2873,848.723279648609
2874,1007.5476673427992
2875,578.4766169154229
2876,717.6172839506173
2877,1021.7058823529412
2878,1050.0679460580914
2879,160.1953125
2880,1383.9115354637568
2881,160.1953125
2882,603.0587544065805
2883,268.3028017241379
2884,1007.5476673427992
2885,327.2893890675241
2886,327.2893890675241
2887,268.3028017241379
2888,1021.7058823529412
2889,160.1953125
2890,179.28091236494598
2891,1021.7058823529412
2892,268.3028017241379
2893,179.28091236494598
2894,1316.8356890459363
2895,268.3028017241379
2896,1316.8356890459363
2897,327.2893890675241
2898,1316.8356890459363
2899,848.723279648609
2900,268.3028017241379
2901,578.4766169154229
2902,603.0587544065805
2903,160.1953125
2904,776.0431893687708
2905,1316.8356890459363
2906,1007.5476673427992
2907,848.723279648609
2908,578.4766169154229
2909,276.44386149003145
2910,268.3028017241379
2911,1463.5486044273339
2912,160.1953125
2913,1316.8356890459363
2914,0.0
2915,0.0
2916,219.58858267716536
2917,219.58858267716536
2918,1007.5476673427992
2919,1945.727034120735
2920,160.1953125
2921,1463.5486044273339
2922,160.1953125
2923,1597.5063063063062
2924,1463.5486044273339
2925,848.723279648609
2926,160.1953125
2927,603.0587544065805
2928,219.58858267716536
2929,1007.5476673427992
2930,1021.7058823529412
2931,1319.141683778234
2932,717.6172839506173
2933,327.2893890675241
2934,0.0
2935,1316.8356890459363
2936,268.3028017241379
2937,1463.5486044273339
2938,1021.7058823529412
2939,1694.1086118251928
2940,160.1953125
2941,268.3028017241379
2942,160.1953125
2943,160.1953125
2944,603.0587544065805
2945,1316.8356890459363
2946,746.947063089195
2947,160.1953125
2948,327.2893890675241
2949,327.2893890675241
2950,327.2893890675241
2951,1007.5476673427992
2952,268.3028017241379
2953,578.4766169154229
2954,1316.8356890459363
2955,219.58858267716536
2956,160.1953125
2957,746.947063089195
2958,327.2893890675241
2959,1316.8356890459363
2960,268.3028017241379
2961,0.0
2962,1316.8356890459363
2963,160.1953125
2964,1316.8356890459363
2965,160.1953125
2966,1316.8356890459363
2967,268.3028017241379
2968,268.3028017241379
2969,1007.5476673427992
2970,1042.7290836653387
2971,327.2893890675241
2972,1050.0679460580914
2973,1007.5476673427992
2974,603.0587544065805
2975,276.44386149003145
2976,1787.597855227882
2977,848.723279648609
2978,578.4766169154229
2979,1042.7290836653387
2980,268.3028017241379
2981,1694.1086118251928
2982,776.0431893687708
2983,1316.8356890459363
2984,1050.0679460580914
2985,160.1953125
2986,160.1953125
2987,1316.8356890459363
2988,160.1953125
2989,848.723279648609
2990,268.3028017241379
2991,603.0587544065805
2992,268.3028017241379
2993,160.1953125
2994,160.1953125
2995,578.4766169154229
2996,578.4766169154229
2997,327.2893890675241
2998,2272.3567567567566
2999,327.2893890675241
3000,848.723279648609
3001,268.3028017241379
3002,603.0587544065805
3003,1316.8356890459363
3004,603.0587544065805
3005,1007.5476673427992
3006,1316.8356890459363
3007,268.3028017241379
3008,1694.1086118251928
3009,268.3028017241379
3010,1007.5476673427992
3011,160.1953125
3012,1787.597855227882
3013,848.723279648609
3014,578.4766169154229
3015,160.1953125
3016,1463.5486044273339
3017,1787.597855227882
3018,327.2893890675241
3019,327.2893890675241
3020,160.1953125
3021,1316.8356890459363
3022,1463.5486044273339
3023,1316.8356890459363
3024,179.28091236494598
3025,1050.0679460580914
3026,160.1953125
3027,303.8021052631579
3028,1694.1086118251928
3029,268.3028017241379
3030,327.2893890675241
3031,741.1697247706422
3032,1463.5486044273339
3033,1787.597855227882
3034,1316.8356890459363
3035,1021.7058823529412
3036,268.3028017241379
3037,1007.5476673427992
3038,848.723279648609
3039,160.1953125
3040,160.1953125
3041,268.3028017241379
3042,327.2893890675241
3043,219.58858267716536
3044,219.58858267716536
3045,327.2893890675241
3046,160.1953125
3047,327.2893890675241
3048,603.0587544065805
3049,179.28091236494598
3050,0.0
3051,848.723279648609
3052,327.2893890675241
3053,327.2893890675241
3054,578.4766169154229
3055,327.2893890675241
3056,327.2893890675241
3057,219.58858267716536
3058,327.2893890675241
3059,268.3028017241379
3060,179.28091236494598
3061,578.4766169154229
3062,848.723279648609
3063,1316.8356890459363
3064,603.0587544065805
3065,268.3028017241379
3066,268.3028017241379
3067,848.723279648609
3068,327.2893890675241
3069,1316.8356890459363
3070,160.1953125
3071,1945.727034120735
3072,0.0
3073,746.947063089195
3074,603.0587544065805
3075,1597.5063063063062
3076,268.3028017241379
3077,1463.5486044273339
3078,160.1953125
3079,0.0
3080,1007.5476673427992
3081,160.1953125
3082,1316.8356890459363
3083,268.3028017241379
3084,268.3028017241379
3085,578.4766169154229
3086,848.723279648609
3087,1485.4991638795987
3088,327.2893890675241
3089,1383.9115354637568
3090,578.4766169154229
3091,1463.5486044273339
3092,746.947063089195
3093,848.723279648609
3094,1050.0679460580914
3095,179.28091236494598
3096,268.3028017241379
3097,578.4766169154229
3098,578.4766169154229
3099,1316.8356890459363
3100,327.2893890675241
3101,2519.9239130434785
3102,848.723279648609
3103,1316.8356890459363
3104,776.0431893687708
3105,268.3028017241379
3106,268.3028017241379
3107,160.1953125
3108,160.1953125
3109,268.3028017241379
3110,746.947063089195
3111,327.2893890675241
3112,268.3028017241379
3113,1007.5476673427992
3114,1316.8356890459363
3115,268.3028017241379
3116,1316.8356890459363
3117,0.0
3118,1021.7058823529412
3119,219.58858267716536
3120,0.0
3121,179.28091236494598
3122,1316.8356890459363
3123,776.0431893687708
3124,268.3028017241379
3125,303.8021052631579
3126,160.1953125
3127,327.2893890675241
3128,1316.8356890459363
3129,327.2893890675241
3130,268.3028017241379
3131,0.0
3132,327.2893890675241
3133,603.0587544065805
3134,1463.5486044273339
3135,268.3028017241379
3136,848.723279648609
3137,160.1953125
3138,1050.0679460580914
3139,603.0587544065805
3140,578.4766169154229
3141,603.0587544065805
3142,603.0587544065805
3143,268.3028017241379
3144,1007.5476673427992
3145,776.0431893687708
3146,219.58858267716536
3147,219.58858267716536
3148,219.58858267716536
3149,603.0587544065805
3150,160.1953125
3151,160.1953125
3152,327.2893890675241
3153,1050.0679460580914
3154,327.2893890675241
3155,268.3028017241379
3156,160.1953125
3157,848.723279648609
3158,578.4766169154229
3159,160.1953125
3160,1316.8356890459363
3161,1050.0679460580914
3162,1316.8356890459363
3163,327.2893890675241
3164,578.4766169154229
3165,848.723279648609
3166,276.44386149003145
3167,603.0587544065805
3168,1316.8356890459363
3169,1316.8356890459363
3170,746.947063089195
3171,578.4766169154229
3172,1316.8356890459363
3173,1319.141683778234
3174,160.1953125
3175,0.0
3176,1021.7058823529412
3177,268.3028017241379
3178,578.4766169154229
3179,268.3028017241379
3180,776.0431893687708
3181,603.0587544065805
3182,327.2893890675241
3183,1042.7290836653387
3184,219.58858267716536
3185,603.0587544065805
3186,1316.8356890459363
3187,1597.5063063063062
3188,1316.8356890459363
3189,268.3028017241379
3190,327.2893890675241
3191,219.58858267716536
3192,603.0587544065805
3193,1007.5476673427992
3194,160.1953125
3195,1316.8356890459363
3196,1021.7058823529412
3197,268.3028017241379
3198,746.947063089195
3199,327.2893890675241
3200,1316.8356890459363
3201,160.1953125
3202,1694.1086118251928
3203,578.4766169154229
3204,776.0431893687708
3205,776.0431893687708
3206,1021.7058823529412
3207,578.4766169154229
3208,268.3028017241379
3209,848.723279648609
3210,268.3028017241379
3211,1463.5486044273339
3212,578.4766169154229
3213,2105.9795918367345
3214,578.4766169154229
3215,1316.8356890459363
3216,578.4766169154229
3217,2274.8828451882846
3218,160.1953125
3219,848.723279648609
3220,746.947063089195
3221,1316.8356890459363
3222,327.2893890675241
3223,1042.7290836653387
3224,2553.448
3225,1050.0679460580914
3226,776.0431893687708
3227,603.0587544065805
3228,160.1953125
3229,1316.8356890459363
3230,746.947063089195
3231,848.723279648609
3232,0.0
3233,1463.5486044273339
3234,1021.7058823529412
3235,327.2893890675241
3236,219.58858267716536
3237,1316.8356890459363
3238,1021.7058823529412
3239,160.1953125
3240,219.58858267716536
3241,603.0587544065805
3242,160.1953125
3243,578.4766169154229
3244,776.0431893687708
3245,303.8021052631579
3246,327.2893890675241
3247,776.0431893687708
3248,303.8021052631579
3249,327.2893890675241
3250,327.2893890675241
3251,578.4766169154229
3252,160.1953125
3253,327.2893890675241
3254,776.0431893687708
3255,160.1953125
3256,776.0431893687708
3257,578.4766169154229
3258,160.1953125
3259,219.58858267716536
3260,268.3028017241379
3261,268.3028017241379
3262,1597.5063063063062
3263,268.3028017241379
3264,578.4766169154229
3265,578.4766169154229
3266,848.723279648609
3267,1316.8356890459363
3268,179.28091236494598
3269,327.2893890675241
3270,603.0587544065805
3271,1050.0679460580914
3272,160.1953125
3273,1787.597855227882
3274,746.947063089195
3275,160.1953125
3276,1485.4991638795987
3277,268.3028017241379
3278,603.0587544065805
3279,848.723279648609
3280,603.0587544065805
3281,776.0431893687708
3282,276.44386149003145
3283,179.28091236494598
3284,1463.5486044273339
3285,578.4766169154229
3286,1007.5476673427992
3287,1319.141683778234
3288,268.3028017241379
3289,603.0587544065805
3290,160.1953125
3291,268.3028017241379
3292,2274.8828451882846
3293,1021.7058823529412
3294,1463.5486044273339
3295,746.947063089195
3296,327.2893890675241
3297,1945.727034120735
3298,327.2893890675241
3299,160.1953125
3300,327.2893890675241
3301,1316.8356890459363
3302,1787.597855227882
3303,160.1953125
3304,1007.5476673427992
3305,1463.5486044273339
3306,776.0431893687708
3307,327.2893890675241
3308,327.2893890675241
3309,578.4766169154229
3310,603.0587544065805
3311,160.1953125
3312,1316.8356890459363
3313,268.3028017241379
3314,603.0587544065805
3315,268.3028017241379
3316,1694.1086118251928
3317,160.1953125
3318,160.1953125
3319,219.58858267716536
3320,219.58858267716536
3321,219.58858267716536
3322,746.947063089195
3323,603.0587544065805
3324,1042.7290836653387
3325,268.3028017241379
3326,1787.597855227882
3327,1042.7290836653387
3328,1007.5476673427992
3329,0.0
3330,848.723279648609
3331,337.6835106382979
3332,848.723279648609
3333,1007.5476673427992
3334,1050.0679460580914
3335,160.1953125
3336,160.1953125
3337,1316.8356890459363
3338,746.947063089195
3339,303.8021052631579
3340,1050.0679460580914
3341,603.0587544065805
3342,1316.8356890459363
3343,1021.7058823529412
3344,603.0587544065805
3345,268.3028017241379
3346,327.2893890675241
3347,776.0431893687708
3348,578.4766169154229
3349,268.3028017241379
3350,0.0
3351,1316.8356890459363
3352,327.2893890675241
3353,603.0587544065805
3354,848.723279648609
3355,1316.8356890459363
3356,776.0431893687708
3357,1316.8356890459363
3358,160.1953125
3359,1945.727034120735
3360,179.28091236494598
3361,327.2893890675241
3362,1021.7058823529412
3363,160.1953125
3364,1007.5476673427992
3365,0.0
3366,2274.8828451882846
3367,776.0431893687708
3368,578.4766169154229
3369,1316.8356890459363
3370,160.1953125
3371,327.2893890675241
3372,1050.0679460580914
3373,1050.0679460580914
3374,1694.1086118251928
3375,1319.141683778234
3376,1316.8356890459363
3377,327.2893890675241
3378,1316.8356890459363
3379,1485.4991638795987
3380,160.1953125
3381,1316.8356890459363
3382,1787.597855227882
3383,160.1953125
3384,578.4766169154229
3385,160.1953125
3386,0.0
3387,276.44386149003145
3388,848.723279648609
3389,219.58858267716536
3390,1007.5476673427992
3391,337.6835106382979
3392,1316.8356890459363
3393,776.0431893687708
3394,268.3028017241379
3395,603.0587544065805
3396,1021.7058823529412
3397,268.3028017241379
3398,160.1953125
3399,1316.8356890459363
3400,0.0
3401,268.3028017241379
3402,0.0
3403,1316.8356890459363
3404,1007.5476673427992
3405,268.3028017241379
3406,1694.1086118251928
3407,1316.8356890459363
3408,179.28091236494598
3409,0.0
3410,2272.3567567567566
3411,603.0587544065805
3412,578.4766169154229
3413,1485.4991638795987
3414,327.2893890675241
3415,268.3028017241379
3416,160.1953125
3417,1316.8356890459363
3418,219.58858267716536
3419,1316.8356890459363
3420,268.3028017241379
3421,160.1953125
3422,776.0431893687708
3423,2272.3567567567566
3424,1694.1086118251928
3425,1021.7058823529412
3426,219.58858267716536
3427,160.1953125
3428,776.0431893687708
3429,1007.5476673427992
3430,327.2893890675241
3431,578.4766169154229
3432,1007.5476673427992
3433,603.0587544065805
3434,219.58858267716536
3435,327.2893890675241
3436,268.3028017241379
3437,160.1953125
3438,578.4766169154229
3439,219.58858267716536
3440,1007.5476673427992
3441,848.723279648609
3442,746.947063089195
3443,268.3028017241379
3444,776.0431893687708
3445,219.58858267716536
3446,1316.8356890459363
3447,327.2893890675241
3448,603.0587544065805
3449,776.0431893687708
3450,268.3028017241379
3451,1316.8356890459363
3452,603.0587544065805
3453,1007.5476673427992
3454,1463.5486044273339
3455,327.2893890675241
3456,268.3028017241379
3457,179.28091236494598
3458,268.3028017241379
3459,160.1953125
3460,1316.8356890459363
3461,1007.5476673427992
3462,746.947063089195
3463,578.4766169154229
3464,1007.5476673427992
3465,2274.8828451882846
3466,179.28091236494598
3467,1050.0679460580914
3468,1316.8356890459363
3469,160.1953125
3470,2274.8828451882846
3471,1050.0679460580914
3472,1787.597855227882
3473,1316.8356890459363
3474,746.947063089195
3475,2272.3567567567566
3476,578.4766169154229
3477,776.0431893687708
3478,160.1953125
3479,1316.8356890459363
3480,746.947063089195
3481,1316.8356890459363
3482,578.4766169154229
3483,1007.5476673427992
3484,327.2893890675241
3485,268.3028017241379
3486,746.947063089195
3487,327.2893890675241
3488,848.723279648609
3489,848.723279648609
3490,1383.9115354637568
3491,776.0431893687708
3492,578.4766169154229
3493,219.58858267716536
3494,2655.903448275862
3495,160.1953125
3496,1021.7058823529412
3497,160.1953125
3498,746.947063089195
3499,578.4766169154229
3500,848.723279648609
3501,268.3028017241379
3502,160.1953125
3503,848.723279648609
3504,578.4766169154229
3505,160.1953125
3506,578.4766169154229
3507,746.947063089195
3508,1316.8356890459363
3509,219.58858267716536
3510,776.0431893687708
3511,327.2893890675241
3512,1463.5486044273339
3513,327.2893890675241
3514,578.4766169154229
3515,578.4766169154229
3516,268.3028017241379
3517,603.0587544065805
3518,268.3028017241379
3519,179.28091236494598
3520,160.1953125
3521,160.1953125
3522,2655.903448275862
3523,1050.0679460580914
3524,327.2893890675241
3525,603.0587544065805
3526,1050.0679460580914
3527,327.2893890675241
3528,603.0587544065805
3529,1316.8356890459363
3530,1316.8356890459363
3531,327.2893890675241
3532,219.58858267716536
3533,1316.8356890459363
3534,1007.5476673427992
3535,1021.7058823529412
3536,776.0431893687708
3537,160.1953125
3538,1021.7058823529412
3539,160.1953125
3540,603.0587544065805
3541,0.0
3542,268.3028017241379
3543,1383.9115354637568
3544,327.2893890675241
3545,0.0
3546,578.4766169154229
3547,1007.5476673427992
3548,327.2893890675241
3549,268.3028017241379
3550,1316.8356890459363
3551,1316.8356890459363
3552,160.1953125
3553,268.3028017241379
3554,268.3028017241379
3555,1021.7058823529412
3556,160.1953125
3557,0.0
3558,160.1953125
3559,160.1953125
3560,160.1953125
3561,327.2893890675241
3562,603.0587544065805
3563,160.1953125
3564,746.947063089195
3565,776.0431893687708
3566,776.0431893687708
3567,1463.5486044273339
3568,327.2893890675241
3569,746.947063089195
3570,327.2893890675241
3571,746.947063089195
3572,1050.0679460580914
3573,848.723279648609
3574,578.4766169154229
3575,1050.0679460580914
3576,268.3028017241379
3577,1463.5486044273339
3578,1316.8356890459363
3579,1316.8356890459363
3580,746.947063089195
3581,1787.597855227882
3582,327.2893890675241
3583,1316.8356890459363
3584,160.1953125
3585,848.723279648609
3586,303.8021052631579
3587,1007.5476673427992
3588,1316.8356890459363
3589,327.2893890675241
3590,603.0587544065805
3591,0.0
3592,160.1953125
3593,160.1953125
3594,746.947063089195
3595,746.947063089195
3596,160.1953125
3597,578.4766169154229
3598,0.0
3599,268.3028017241379
3600,1316.8356890459363
3601,1787.597855227882
3602,1316.8356890459363
3603,268.3028017241379
3604,327.2893890675241
3605,1383.9115354637568
3606,1316.8356890459363
3607,219.58858267716536
3608,1007.5476673427992
3609,1007.5476673427992
3610,327.2893890675241
3611,1021.7058823529412
3612,1050.0679460580914
3613,603.0587544065805
3614,1316.8356890459363
3615,1694.1086118251928
3616,1383.9115354637568
3617,1316.8356890459363
3618,848.723279648609
3619,1463.5486044273339
3620,1050.0679460580914
3621,603.0587544065805
3622,578.4766169154229
3623,160.1953125
3624,0.0
3625,268.3028017241379
3626,327.2893890675241
3627,327.2893890675241
3628,746.947063089195
3629,2125.509090909091
3630,268.3028017241379
3631,268.3028017241379
3632,603.0587544065805
3633,268.3028017241379
3634,1316.8356890459363
3635,160.1953125
3636,268.3028017241379
3637,160.1953125
3638,327.2893890675241
3639,1316.8356890459363
3640,327.2893890675241
3641,1316.8356890459363
3642,1007.5476673427992
3643,160.1953125
3644,603.0587544065805
3645,160.1953125
3646,1007.5476673427992
3647,160.1953125
3648,1694.1086118251928
3649,0.0
3650,776.0431893687708
3651,179.28091236494598
3652,1050.0679460580914
3653,160.1953125
3654,603.0587544065805
3655,603.0587544065805
3656,1316.8356890459363
3657,1316.8356890459363
3658,603.0587544065805
3659,578.4766169154229
3660,219.58858267716536
3661,603.0587544065805
3662,603.0587544065805
3663,848.723279648609
3664,1316.8356890459363
3665,268.3028017241379
3666,327.2893890675241
3667,160.1953125
3668,1316.8356890459363
3669,848.723279648609
3670,268.3028017241379
3671,268.3028017241379
3672,1050.0679460580914
3673,776.0431893687708
3674,1050.0679460580914
3675,0.0
3676,578.4766169154229
3677,746.947063089195
3678,578.4766169154229
3679,578.4766169154229
3680,1316.8356890459363
3681,1050.0679460580914
3682,2401.9740518962076
3683,160.1953125
3684,268.3028017241379
3685,848.723279648609
3686,1007.5476673427992
3687,160.1953125
3688,746.947063089195
3689,1042.7290836653387
3690,603.0587544065805
3691,603.0587544065805
3692,327.2893890675241
3693,219.58858267716536
3694,603.0587544065805
3695,848.723279648609
3696,268.3028017241379
3697,776.0431893687708
3698,327.2893890675241
3699,1463.5486044273339
3700,160.1953125
3701,1007.5476673427992
3702,327.2893890675241
3703,268.3028017241379
3704,848.723279648609
3705,160.1953125
3706,1007.5476673427992
3707,578.4766169154229
3708,268.3028017241379
3709,1050.0679460580914
3710,327.2893890675241
3711,160.1953125
3712,603.0587544065805
3713,268.3028017241379
3714,1316.8356890459363
3715,1316.8356890459363
3716,327.2893890675241
3717,160.1953125
3718,578.4766169154229
3719,160.1953125
3720,1316.8356890459363
3721,848.723279648609
3722,268.3028017241379
3723,1050.0679460580914
3724,746.947063089195
3725,0.0
3726,1787.597855227882
3727,327.2893890675241
3728,746.947063089195
3729,219.58858267716536
3730,578.4766169154229
3731,160.1953125
3732,776.0431893687708
3733,160.1953125
3734,1787.597855227882
3735,1316.8356890459363
3736,603.0587544065805
3737,1021.7058823529412
3738,1316.8356890459363
3739,603.0587544065805
3740,327.2893890675241
3741,1007.5476673427992
3742,578.4766169154229
3743,268.3028017241379
3744,578.4766169154229
3745,746.947063089195
3746,848.723279648609
3747,1316.8356890459363
3748,1316.8356890459363
3749,327.2893890675241
3750,160.1953125
3751,160.1953125
3752,268.3028017241379
3753,268.3028017241379
3754,0.0
3755,2272.3567567567566
3756,1787.597855227882
3757,1316.8356890459363
3758,160.1953125
3759,276.44386149003145
